{"cameraMode":{"drawMode":0,"name":"Shaded","section":"Shading Mode"},"sceneLighting":false,"audioPlay":false,"sceneViewState":{"m_AlwaysRefresh":false,"showFog":true,"showSkybox":false,"showFlares":true,"showImageEffects":false,"showParticleSystems":true,"showVisualEffectGraphs":true,"m_FxEnabled":true},"in2DMode":false,"pivot":{"x":-1.6365749835968018,"y":0.23133087158203126,"z":-0.7447137832641602},"rotation":{"x":0.04687454178929329,"y":-0.8782647848129273,"z":0.0880299061536789,"w":0.46766260266304018},"size":1.7411785125732422,"orthographic":false}