{"cameraMode":{"drawMode":0,"name":"Shaded","section":"Shading Mode"},"sceneLighting":true,"audioPlay":false,"sceneViewState":{"m_AlwaysRefresh":false,"showFog":true,"showSkybox":true,"showFlares":true,"showImageEffects":true,"showParticleSystems":true,"showVisualEffectGraphs":true,"m_FxEnabled":true},"in2DMode":false,"pivot":{"x":-9.966962814331055,"y":0.7909619808197022,"z":-3.1223812103271486},"rotation":{"x":0.31351542472839358,"y":-0.005697526969015598,"z":0.0018808275926858187,"w":0.9495669603347778},"size":2.999999523162842,"orthographic":false}