{"cameraMode":{"drawMode":0,"name":"Shaded","section":"Shading Mode"},"sceneLighting":true,"audioPlay":false,"sceneViewState":{"m_AlwaysRefresh":false,"showFog":true,"showSkybox":true,"showFlares":true,"showImageEffects":false,"showParticleSystems":true,"showVisualEffectGraphs":true,"m_FxEnabled":true},"in2DMode":false,"pivot":{"x":-8.337469100952149,"y":1.6849526166915894,"z":0.4658355712890625},"rotation":{"x":0.20335687696933747,"y":0.032304272055625918,"z":-0.006712186150252819,"w":0.9785510301589966},"size":1.4517033100128174,"orthographic":false}