{"cameraMode":{"drawMode":0,"name":"Shaded","section":"Shading Mode"},"sceneLighting":true,"audioPlay":false,"sceneViewState":{"m_AlwaysRefresh":false,"showFog":true,"showSkybox":true,"showFlares":true,"showImageEffects":false,"showParticleSystems":true,"showVisualEffectGraphs":true,"m_FxEnabled":true},"in2DMode":false,"pivot":{"x":-9.572500228881836,"y":2.9151041507720949,"z":-0.3001420497894287},"rotation":{"x":-0.3255888819694519,"y":0.06289969384670258,"z":-0.021717125549912454,"w":-0.9431722164154053},"size":0.14501643180847169,"orthographic":false}