{"cameraMode":{"drawMode":0,"name":"Shaded","section":"Shading Mode"},"sceneLighting":true,"audioPlay":false,"sceneViewState":{"m_AlwaysRefresh":false,"showFog":true,"showSkybox":true,"showFlares":true,"showImageEffects":false,"showParticleSystems":true,"showVisualEffectGraphs":true,"m_FxEnabled":true},"in2DMode":false,"pivot":{"x":-9.72696590423584,"y":-0.05032920837402344,"z":-2.6657614707946779},"rotation":{"x":-0.28777194023132326,"y":0.0034417433198541404,"z":-0.001033415668644011,"w":-0.9576990604400635},"size":3.5660252571105959,"orthographic":false}