{"cameraMode":{"drawMode":0,"name":"Shaded","section":"Shading Mode"},"sceneLighting":true,"audioPlay":false,"sceneViewState":{"m_AlwaysRefresh":false,"showFog":true,"showSkybox":true,"showFlares":true,"showImageEffects":false,"showParticleSystems":true,"showVisualEffectGraphs":true,"m_FxEnabled":true},"in2DMode":false,"pivot":{"x":1.6958086490631104,"y":-2.637880325317383,"z":1.507188320159912},"rotation":{"x":0.5873920321464539,"y":-0.010924531146883965,"z":0.007930422201752663,"w":0.8091912269592285},"size":9.867694854736329,"orthographic":false}