{"cameraMode":{"drawMode":0,"name":"Shaded","section":"Shading Mode"},"sceneLighting":true,"audioPlay":false,"sceneViewState":{"m_AlwaysRefresh":false,"showFog":true,"showSkybox":true,"showFlares":true,"showImageEffects":true,"showParticleSystems":true,"showVisualEffectGraphs":true,"m_FxEnabled":true},"in2DMode":false,"pivot":{"x":-0.9355875253677368,"y":0.2525634765625,"z":-5.066598892211914},"rotation":{"x":-0.23799939453601838,"y":0.0064077130518853668,"z":-0.0015700946096330882,"w":-0.9712482690811157},"size":6.524815082550049,"orthographic":false}