{"cameraMode":{"drawMode":0,"name":"Shaded","section":"Shading Mode"},"sceneLighting":false,"audioPlay":false,"sceneViewState":{"m_AlwaysRefresh":false,"showFog":true,"showSkybox":false,"showFlares":true,"showImageEffects":false,"showParticleSystems":true,"showVisualEffectGraphs":true,"m_FxEnabled":true},"in2DMode":false,"pivot":{"x":-0.1649293154478073,"y":1.1300617456436158,"z":0.11715461313724518},"rotation":{"x":0.03042127750813961,"y":0.9652588963508606,"z":-0.22397355735301972,"w":0.13110722601413728},"size":1.89105224609375,"orthographic":false}