{"cameraMode":{"drawMode":0,"name":"Shaded","section":"Shading Mode"},"sceneLighting":true,"audioPlay":false,"sceneViewState":{"m_AlwaysRefresh":false,"showFog":true,"showSkybox":true,"showFlares":true,"showImageEffects":true,"showParticleSystems":true,"showVisualEffectGraphs":true,"m_FxEnabled":true},"in2DMode":false,"pivot":{"x":-0.16903793811798097,"y":6.378710746765137,"z":27.090499877929689},"rotation":{"x":-0.07523224502801895,"y":-0.012865930795669556,"z":0.000970834051258862,"w":-0.9970834851264954},"size":44.302940368652347,"orthographic":false}